"Reference","Value","Footprint","Manufacturer","MPN","Supplier","LCSC","Qty"
"C1","22pF","Capacitor_SMD:C_0603_1608Metric","","","LCSC","","1"
"C2","22pF","Capacitor_SMD:C_0603_1608Metric","","","LCSC","","1"
"C3","1uF","Capacitor_SMD:C_0603_1608Metric","","","LCSC","","1"
"C4","4.7uF","Capacitor_SMD:C_0603_1608Metric","","","LCSC","","1"
"C5","100nF","Capacitor_SMD:C_0603_1608Metric","","","LCSC","","1"
"D1","1N5819WS","Diode_SMD:D_SOD-323","","","LCSC","","1"
"D2","1N4148WS","Diode_SMD:D_SOD-323","","","LCSC","","1"
"D3","1N4148WS","Diode_SMD:D_SOD-323","","","LCSC","","1"
"D4","1N4148WS","Diode_SMD:D_SOD-323","","","LCSC","","1"
"D5","1N4148WS","Diode_SMD:D_SOD-323","","","LCSC","","1"
"D6","1N4148WS","Diode_SMD:D_SOD-323","","","LCSC","","1"
"D7","1N4148WS","Diode_SMD:D_SOD-323","","","LCSC","","1"
"D8","1N4148WS","Diode_SMD:D_SOD-323","","","LCSC","","1"
"D9","1N4148WS","Diode_SMD:D_SOD-323","","","LCSC","","1"
"D09","1N4148WS","Diode_SMD:D_SOD-323","","","LCSC","","1"
"D10","1N4148WS","Diode_SMD:D_SOD-323","","","LCSC","","1"
"D11","1N4148WS","Diode_SMD:D_SOD-323","","","LCSC","","1"
"D12","1N4148WS","Diode_SMD:D_SOD-323","","","LCSC","","1"
"D13","1N4148WS","Diode_SMD:D_SOD-323","","","LCSC","","1"
"D14","1N4148WS","Diode_SMD:D_SOD-323","","","","","1"
"D15","1N4148WS","Diode_SMD:D_SOD-323","","","LCSC","","1"
"D16","1N4148WS","Diode_SMD:D_SOD-323","","","LCSC","","1"
"D17","1N4148WS","Diode_SMD:D_SOD-323","","","LCSC","","1"
"D18","1N4148WS","Diode_SMD:D_SOD-323","","","","","1"
"D19","1N4148WS","Diode_SMD:D_SOD-323","","","","","1"
"D20","1N4148WS","Diode_SMD:D_SOD-323","","","LCSC","","1"
"D21","1N4148WS","Diode_SMD:D_SOD-323","","","LCSC","","1"
"D22","1N4148WS","Diode_SMD:D_SOD-323","","","LCSC","","1"
"D23","1N4148WS","Diode_SMD:D_SOD-323","","","LCSC","","1"
"D24","1N4148WS","Diode_SMD:D_SOD-323","","","LCSC","","1"
"D25","LED Pwr","LED_SMD:LED_0603_1608Metric","","","LCSC","","1"
"D26","LED Dbg","LED_SMD:LED_0603_1608Metric","","","LCSC","","1"
"J1","USB_C_Receptacle_USB2.0_16P","Connector_USB:USB_C_Receptacle_HRO_TYPE-C-31-M-12","","","LCSC","","1"
"J2","Conn_01x08","Connector_PinHeader_2.54mm:PinHeader_1x08_P2.54mm_Vertical","","","LCSC","","1"
"J3","Conn_01x08","Connector_PinHeader_2.54mm:PinHeader_1x08_P2.54mm_Vertical","","","LCSC","","1"
"J4","Conn_01x08","Connector_PinHeader_2.54mm:PinHeader_1x08_P2.54mm_Vertical","","","LCSC","","1"
"J5","AVR-ISP-6","Connector_PinHeader_2.54mm:PinHeader_2x03_P2.54mm_Vertical","","","LCSC","","1"
"J6","Conn_01x08","Connector_PinHeader_2.54mm:PinHeader_1x08_P2.54mm_Vertical","","","LCSC","","1"
"J7","Conn_01x02","Connector_PinHeader_2.54mm:PinHeader_1x02_P2.54mm_Vertical","","","LCSC","","1"
"R1","20R","Resistor_SMD:R_0603_1608Metric","","","LCSC","","1"
"R2","20R","Resistor_SMD:R_0603_1608Metric","","","LCSC","","1"
"R3","10K","Resistor_SMD:R_0603_1608Metric","","","LCSC","","1"
"R4","5.1k","Resistor_SMD:R_0603_1608Metric","","","LCSC","","1"
"R5","5.1k","Resistor_SMD:R_0603_1608Metric","","","LCSC","","1"
"R6","1k","Resistor_SMD:R_0603_1608Metric","","","LCSC","","1"
"R7","330","Resistor_SMD:R_0603_1608Metric","","","LCSC","","1"
"SW01","SW_DIP_x01","Switch_Keyboard_Hotswap_Kailh:SW_Hotswap_Kailh_MX_Plated_1.00u","","","LCSC","","1"
"SW02","SW_DIP_x01","Switch_Keyboard_Hotswap_Kailh:SW_Hotswap_Kailh_MX_Plated_1.00u","","","LCSC","","1"
"SW03","SW_DIP_x01","Switch_Keyboard_Hotswap_Kailh:SW_Hotswap_Kailh_MX_Plated_1.00u","","","LCSC","","1"
"SW04","SW_DIP_x01","Switch_Keyboard_Hotswap_Kailh:SW_Hotswap_Kailh_MX_Plated_1.00u","","","LCSC","","1"
"SW05","SW_DIP_x01","Switch_Keyboard_Hotswap_Kailh:SW_Hotswap_Kailh_MX_Plated_1.00u","","","LCSC","","1"
"SW06","SW_DIP_x01","Switch_Keyboard_Hotswap_Kailh:SW_Hotswap_Kailh_MX_Plated_1.00u","","","LCSC","","1"
"SW07","SW_DIP_x01","Switch_Keyboard_Hotswap_Kailh:SW_Hotswap_Kailh_MX_Plated_1.00u","","","LCSC","","1"
"SW08","SW_DIP_x01","Switch_Keyboard_Hotswap_Kailh:SW_Hotswap_Kailh_MX_Plated_1.00u","","","LCSC","","1"
"SW09","SW_DIP_x01","Switch_Keyboard_Hotswap_Kailh:SW_Hotswap_Kailh_MX_Plated_1.00u","","","LCSC","","1"
"SW10","SW_DIP_x01","Switch_Keyboard_Hotswap_Kailh:SW_Hotswap_Kailh_MX_Plated_1.00u","","","LCSC","","1"
"SW11","SW_DIP_x01","Switch_Keyboard_Hotswap_Kailh:SW_Hotswap_Kailh_MX_Plated_1.00u","","","LCSC","","1"
"SW12","SW_DIP_x01","Switch_Keyboard_Hotswap_Kailh:SW_Hotswap_Kailh_MX_Plated_1.00u","","","LCSC","","1"
"SW13","SW_DIP_x01","Switch_Keyboard_Hotswap_Kailh:SW_Hotswap_Kailh_MX_Plated_1.00u","","","LCSC","","1"
"SW14","SW_DIP_x01","Switch_Keyboard_Hotswap_Kailh:SW_Hotswap_Kailh_MX_Plated_1.00u","","","LCSC","","1"
"SW15","SW_DIP_x01","Switch_Keyboard_Hotswap_Kailh:SW_Hotswap_Kailh_MX_Plated_1.00u","","","LCSC","","1"
"SW16","SW_DIP_x01","Switch_Keyboard_Hotswap_Kailh:SW_Hotswap_Kailh_MX_Plated_1.00u","","","LCSC","","1"
"SW17","SW_DIP_x01","Switch_Keyboard_Hotswap_Kailh:SW_Hotswap_Kailh_MX_Plated_1.00u","","","LCSC","","1"
"SW18","SW_DIP_x01","Switch_Keyboard_Hotswap_Kailh:SW_Hotswap_Kailh_MX_Plated_1.00u","","","LCSC","","1"
"SW19","SW_DIP_x01","Switch_Keyboard_Hotswap_Kailh:SW_Hotswap_Kailh_MX_Plated_1.00u","","","LCSC","","1"
"SW20","SW_DIP_x01","Switch_Keyboard_Hotswap_Kailh:SW_Hotswap_Kailh_MX_Plated_1.00u","","","LCSC","","1"
"SW21","SW_DIP_x01","Switch_Keyboard_Hotswap_Kailh:SW_Hotswap_Kailh_MX_Plated_1.00u","","","LCSC","","1"
"SW22","SW_DIP_x01","Switch_Keyboard_Hotswap_Kailh:SW_Hotswap_Kailh_MX_Plated_1.00u","","","LCSC","","1"
"SW23","SW_DIP_x01","Switch_Keyboard_Hotswap_Kailh:SW_Hotswap_Kailh_MX_Plated_1.00u","","","LCSC","","1"
"SW24","SW_DIP_x01","Switch_Keyboard_Hotswap_Kailh:SW_Hotswap_Kailh_MX_Plated_1.00u","","","LCSC","","1"
"SWR1","SW_Push","Button_Switch_SMD:SW_SPST_TL3342","","","LCSC","","1"
"TP1","TestPoint","TestPoint:TestPoint_Pad_D1.5mm","","","","","1"
"TP2","TestPoint","TestPoint:TestPoint_Pad_D1.5mm","","","","","1"
"TP3","TestPoint","TestPoint:TestPoint_Pad_D1.5mm","","","","","1"
"TP4","TestPoint","TestPoint:TestPoint_Pad_D1.5mm","","","","","1"
"TP5","TestPoint","TestPoint:TestPoint_Pad_D1.5mm","","","","","1"
"TP6","TestPoint","TestPoint:TestPoint_Pad_D1.5mm","","","","","1"
"TP7","TestPoint","TestPoint:TestPoint_Pad_D1.5mm","","","","","1"
"U1","ATmega32U4-A","Package_QFP:TQFP-44_10x10mm_P0.8mm","","","LCSC","","1"
"U2","USBLC6-2SC6","Package_TO_SOT_SMD:SOT-23-6","STMicroelectronics","USBLC6-2SC6","LCSC","","1"
"Y1","Crystal","Crystal:Crystal_SMD_3215-2Pin_3.2x1.5mm","","","LCSC","","1"
